{
  "n_files": 530,
  "n_features": 1828,
  "lda_dim_x": 1.0,
  "lda_dim_y": 3.0,
  "silhouette": 0.8904773084425884,
  "centroid_acc": 1.0,
  "same_mean_distance": 0.07031594318947419,
  "different_mean_distance": 1.9295686296755574,
  "distance_ratio": 27.441410043362097
}