{
  "n_files": 529,
  "n_features": 1828,
  "lda_dim_x": 0.0,
  "lda_dim_y": 1.0,
  "silhouette": 0.8498694951188345,
  "centroid_acc": 1.0,
  "same_mean_distance": 4.035949100138179,
  "different_mean_distance": 43.15822067784859,
  "distance_ratio": 10.693450191520077
}