{
  "n_samples": 529,
  "n_features": 56,
  "pca_explained_variance": [
    0.5136463960242273,
    0.14141545371116346
  ],
  "b2_1_accuracy": 0.9125,
  "b2_1_separation": 9.619234974167842,
  "overall_accuracy": 0.9262759924385633,
  "per_group_accuracy": {
    "B2-1": 0.9125,
    "B2-10": 1.0,
    "B2-2": 1.0,
    "B2-3": 0.92,
    "B2-4": 0.96,
    "B2-5": 1.0,
    "B2-6": 0.8979591836734694,
    "B2-7": 1.0,
    "B2-8": 0.58,
    "B2-9": 1.0
  },
  "distance_matrix": {
    "groups": [
      "B2-1",
      "B2-10",
      "B2-2",
      "B2-3",
      "B2-4",
      "B2-5",
      "B2-6",
      "B2-7",
      "B2-8",
      "B2-9"
    ],
    "matrix": [
      [
        Infinity,
        17.816356658935547,
        25.217723846435547,
        22.027774810791016,
        23.43531036376953,
        9.029017448425293,
        4.004230976104736,
        19.198528289794922,
        8.632932662963867,
        30.959209442138672
      ],
      [
        17.816356658935547,
        Infinity,
        42.63463592529297,
        39.65067672729492,
        41.144527435302734,
        9.559393882751465,
        21.051071166992188,
        36.97162628173828,
        25.839866638183594,
        39.76544189453125
      ],
      [
        25.217723846435547,
        42.63463592529297,
        Infinity,
        3.6884100437164307,
        10.347078323364258,
        33.1614875793457,
        23.193157196044922,
        7.203531265258789,
        19.691951751708984,
        27.721500396728516
      ],
      [
        22.027774810791016,
        39.65067672729492,
        3.6884100437164307,
        Infinity,
        7.899668216705322,
        30.27486228942871,
        19.761489868164062,
        3.5154776573181152,
        16.084339141845703,
        28.554170608520508
      ],
      [
        23.43531036376953,
        41.144527435302734,
        10.347078323364258,
        7.899668216705322,
        Infinity,
        32.388790130615234,
        20.126623153686523,
        6.65108585357666,
        15.454842567443848,
        36.22755432128906
      ],
      [
        9.029017448425293,
        9.559393882751465,
        33.1614875793457,
        30.27486228942871,
        32.388790130615234,
        Infinity,
        12.816750526428223,
        27.751588821411133,
        17.604528427124023,
        32.09833908081055
      ],
      [
        4.004230976104736,
        21.051071166992188,
        23.193157196044922,
        19.761489868164062,
        20.126623153686523,
        12.816750526428223,
        Infinity,
        16.627365112304688,
        4.829050540924072,
        32.77345275878906
      ],
      [
        19.198528289794922,
        36.97162628173828,
        7.203531265258789,
        3.5154776573181152,
        6.65108585357666,
        27.751588821411133,
        16.627365112304688,
        Infinity,
        12.710445404052734,
        29.81850814819336
      ],
      [
        8.632932662963867,
        25.839866638183594,
        19.691951751708984,
        16.084339141845703,
        15.454842567443848,
        17.604528427124023,
        4.829050540924072,
        12.710445404052734,
        Infinity,
        33.58589172363281
      ],
      [
        30.959209442138672,
        39.76544189453125,
        27.721500396728516,
        28.554170608520508,
        36.22755432128906,
        32.09833908081055,
        32.77345275878906,
        29.81850814819336,
        33.58589172363281,
        Infinity
      ]
    ]
  }
}